,Person_ID,Last_Name,First_Name,Gender,University,Occupation,Salary,Email,Age
46,47.0,Pettie,Darya,Female,Instituto Universitario de La Paz,Environmental Tech,57954.0,dpettie1a@walmart.com,58
165,166.0,Havill,Fred,Female,Ateneo de Naga University,Senior Sales Associate,108007.0,fhavill4l@wp.com,38
197,198.0,Benneton,Ruy,Male,Nukus State Teachers Training Institute,Senior Developer,71931.0,rbenneton5h@diigo.com,51
201,202.0,Hovel,Kalindi,Female,National Kaohsiung University of Applied Sciences,Staff Accountant II,56181.0,khovel5l@eepurl.com,63
227,228.0,Zanassi,Alano,Male,Janus Pannonius University,Analyst Programmer,108255.0,azanassi6b@xinhuanet.com,54
231,232.0,Stocking,Wilfred,Male,Universitas Klabat,Financial Advisor,64737.0,wstocking6f@boston.com,63
236,237.0,,Kennan,Male,Northeast Normal University,Nurse Practicioner,54396.0,ktolworth6k@kickstarter.com,34
291,292.0,Giovannacci,Staford,Male,Mennonite College of Nursing,VP Product Management,69932.0,sgiovannacci83@artisteer.com,62
308,309.0,Prozescky,,Female,Royal Military College of Canada,Developer I,52452.0,jprozescky8k@wikimedia.org,32
327,328.0,Pawling,Horst,Male,DeSales University,Physical Therapy Assistant,96215.0,hpawling93@tuttocitta.it,47
339,340.0,Le Marchand,Pancho,Male,University of Maryland Medicine,Automation Specialist I,50176.0,plemarchand9f@issuu.com,60
371,372.0,Nuzzi,Hewet,Male,Medical Academy in Bialystok,Human Resources Assistant III,74555.0,hnuzziab@fema.gov,36
377,378.0,Argont,Mycah,Male,Fachhochschule Düsseldorf,VP Sales,113696.0,margontah@t.co,61
388,389.0,Gay,Ammamaria,Female,St. George's University,VP Quality Control,65193.0,agayas@shinystat.com,25
393,394.0,June,Linn,Female,Mamasani University of Technology,Social Worker,88094.0,ljuneax@theatlantic.com,45
396,397.0,Schulken,,Male,Berean University of the Assemblies of God,Recruiter,57371.0,fschulkenb0@cocolog-nifty.com,54
412,413.0,Muehle,Horatius,Male,Adam Mickiewicz University of Poznan,Civil Engineer,81567.0,hmuehlebg@ca.gov,53
439,440.0,Raisher,Ado,Male,Makhanlal Chaturvedi National University of Journalism and Communication,Speech Pathologist,113626.0,araisherc7@admin.ch,61
441,442.0,Rapps,Fanny,Female,Spring Hill College,Biostatistician I,111057.0,frappsc9@guardian.co.uk,41
446,447.0,Goatcher,Hadlee,Male,University of Perugia,Financial Analyst,109880.0,hgoatcherce@twitpic.com,33
470,471.0,Luciani,Mikkel,Male,Kyoritsu Woman's University,Staff Scientist,105924.0,mlucianid2@pcworld.com,42
522,523.0,Erik,Garv,Male,Université de Skikda,VP Quality Control,73773.0,gerikei@dropbox.com,34
535,536.0,Aspel,Dick,Male,Urmia University,Quality Engineer,87411.0,daspelev@delicious.com,45
537,538.0,Wardhough,Arney,Male,University of Portland,Assistant Media Planner,60841.0,awardhoughex@facebook.com,32
538,539.0,Jaycock,Joey,Male,Dominican College,Automation Specialist II,116184.0,jjaycockey@jimdo.com,27
554,555.0,Oakwood,Tedda,Female,International University of Management,Geological Engineer,116634.0,toakwoodfe@ustream.tv,38
563,564.0,Brotherton,Rollins,Male,Pacific Union College,Senior Cost Accountant,104061.0,rbrothertonfn@cafepress.com,41
589,590.0,Spyby,Cher,Female,Athens Laboratory of Business Administration (ALBA),Database Administrator III,63075.0,cspybygd@dion.ne.jp,49
591,592.0,McCartan,,Male,Kumoh National University of Technology,Office Assistant III,95274.0,dmccartangf@yandex.ru,22
601,602.0,Gaffon,Cooper,Male,Gujarat Ayurved University,GIS Technical Architect,113573.0,cgaffongp@engadget.com,49
603,604.0,Donwell,Gerhardine,Female,Universidad Hispanoamericana,Chief Design Engineer,85346.0,gdonwellgr@ustream.tv,63
604,605.0,Tittershill,Israel,Male,University of Evansville,Financial Analyst,119962.0,itittershillgs@yellowbook.com,40
614,615.0,Hugk,Sasha,Male,Instituto Superior de Saúde do Alto Ave,Recruiting Manager,95454.0,shugkh2@nifty.com,23
616,617.0,Pate,Marty,Female,Rockford College,Research Assistant III,61535.0,mpateh4@thetimes.co.uk,42
620,621.0,Venmore,Gorden,Male,Lindsey Wilson College,Database Administrator IV,74637.0,gvenmoreh8@github.com,34
625,626.0,Krollman,Jolene,Female,University of Cambridge,Speech Pathologist,104286.0,jkrollmanhd@boston.com,61
628,629.0,Grief,Emory,Male,Howard Payne University,Food Chemist,70593.0,egriefhg@mashable.com,48
633,634.0,Elward,Aylmar,Male,University of St. Cyril and Methodius in Trnava,Help Desk Operator,110801.0,aelwardhl@odnoklassniki.ru,22
640,641.0,Jerzak,Mable,Female,"Dai Ichi University, College of Technology",Community Outreach Specialist,72895.0,mjerzakhs@buzzfeed.com,55
650,651.0,Hughson,Emyle,Female,Yaroslavl State Theatre Institute,Professor,97302.0,ehughsoni2@tuttocitta.it,52
651,652.0,Diggles,Darcy,Male,Chongqing University,Executive Secretary,68711.0,ddigglesi3@deviantart.com,61
654,655.0,Slewcock,Lacie,Female,Institute of Industrial Electronics Engineering,Senior Sales Associate,55990.0,lslewcocki6@delicious.com,60
662,663.0,Ramsbottom,Sybila,Female,"California State University, San Bernadino",VP Marketing,56805.0,sramsbottomie@wisc.edu,40
677,678.0,Biasioli,Dore,Male,Fukuoka International University,VP Marketing,66489.0,dbiasioliit@google.cn,48
685,686.0,Brenneke,Onofredo,Male,Arabian Gulf University,Statistician I,107294.0,obrennekej1@shareasale.com,58
693,694.0,Aleksankin,Gilles,Male,Daneshestan Institute of Higher Education,Business Systems Development Analyst,51387.0,galeksankinj9@xing.com,26
698,699.0,Tidridge,Hewett,Male,Oklahoma Panhandle State University,Database Administrator I,84427.0,htidridgeje@earthlink.net,47
712,713.0,Datte,Jobyna,Female,University of Veterinary Science,Legal Assistant,73943.0,jdattejs@loc.gov,40
723,724.0,Giraudat,Robert,Male,Universidad Nacional del Centro del Perú,Web Developer III,78184.0,rgiraudatk3@ed.gov,28
736,737.0,Goodsell,Anastassia,Female,Université Gamal Abdel Nasser de Conakry,Web Designer II,108499.0,agoodsellkg@ted.com,63
739,740.0,Petyt,Gal,Male,University of Andorra,Chief Design Engineer,70928.0,gpetytkj@sakura.ne.jp,31
767,768.0,Butters,Israel,Male,Nara University of Education,Account Representative II,54117.0,ibutterslb@hc360.com,36
779,780.0,Charopen,Merline,Female,Salve Regina University,Dental Hygienist,62959.0,mcharopenln@sina.com.cn,51
785,786.0,Kimbling,,Female,Al-Batterjee Medical College,Payment Adjustment Coordinator,99395.0,gkimblinglt@upenn.edu,27
798,799.0,Coot,Ashia,Female,Belarussian State University,Software Test Engineer IV,92382.0,acootm6@printfriendly.com,55
816,817.0,Quayle,Stanislaw,Male,Bowling Green State University,Operator,108497.0,squaylemo@dyndns.org,52
826,827.0,Kilgallon,,Female,Pennsylvania State University at Harrisburg - The Capital College,Desktop Support Technician,111870.0,jkilgallonmy@forbes.com,27
828,829.0,Bristo,Jonell,,Ulyanovsk State Technical University,Web Developer II,98819.0,jbriston0@dion.ne.jp,61
836,837.0,Stocker,Kipp,Female,Hanoi University of Science,Safety Technician II,119391.0,kstockern8@constantcontact.com,48
842,843.0,Agget,Christie,Female,"American University Extension, Okinawa",Chief Design Engineer,64579.0,caggetne@symantec.com,35
848,849.0,Cawkwell,Denny,Male,Occidental College,Cost Accountant,50890.0,dcawkwellnk@hugedomains.com,28
852,853.0,,Ailbert,Male,Hampshire College,Help Desk Operator,106064.0,acamiliono@seattletimes.com,55
853,854.0,Lidgerton,Petronilla,Female,Korea National University of Physical Education,Chief Design Engineer,94339.0,plidgertonnp@1und1.de,24
870,871.0,Gruczka,Lea,Female,Ecole Nationale Supérieure d'Ingénieurs en Mécanique et Energétique de Valenciennes,Systems Administrator III,58815.0,lgruczkao6@meetup.com,61
873,874.0,Maffiotti,Darsie,Female,Inchon National University of Education,Staff Scientist,,dmaffiottio9@prweb.com,22
879,880.0,Crosskill,Clarance,Male,Southern Illinois University at Carbondale,Programmer Analyst IV,100393.0,ccrosskillof@prlog.org,55
882,883.0,Mithan,Dalenna,Female,Osaka University of Arts,Nurse,74124.0,dmithanoi@techcrunch.com,28
907,908.0,Davall,Ailbert,Male,Aarhus Technical College,Research Associate,69590.0,adavallp7@youku.com,54
912,913.0,Capp,Rachel,Female,Kunstakademie Düsseldorf.,Statistician I,108956.0,rcapppc@economist.com,45
913,914.0,Garz,Michael,Male,Miyagi University of Education,Community Outreach Specialist,69907.0,mgarzpd@histats.com,58
919,920.0,Heersema,Isidore,Male,National Dong Hwa University,Legal Assistant,59091.0,iheersemapj@cpanel.net,25
921,922.0,Lorden,,Female,,Professor,56378.0,clordenpl@cam.ac.uk,40
926,927.0,McGraffin,Killian,Male,Cranbrook Academy of Art,Help Desk Operator,85672.0,kmcgraffinpq@sitemeter.com,28
937,938.0,Fellgett,Lilah,Female,Averett College,Legal Assistant,75405.0,lfellgettq1@newsvine.com,41
948,949.0,Dilawey,Dru,Male,Brewton-Parker College,Health Coach I,114477.0,ddilaweyqc@uol.com.br,25
954,955.0,De Vaan,Paxon,Male,Niagara University,Social Worker,63019.0,pdevaanqi@ihg.com,64
959,960.0,Brabbs,Elaina,,"Institute of Teachers Education, Penang",Desktop Support Technician,92223.0,ebrabbsqn@is.gd,49
961,962.0,Navaro,Rupert,Male,Universitas Semarang,Staff Accountant III,54464.0,rnavaroqp@constantcontact.com,48
971,972.0,Attfield,Sigrid,Female,Universidad de La Salle,Senior Quality Engineer,93769.0,sattfieldqz@nationalgeographic.com,42
972,973.0,Spurdle,Kathi,Female,United States Sports Academy,VP Marketing,56669.0,kspurdler0@ucla.edu,48
973,974.0,Haspineall,Antonio,Male,Lansbridge University,Legal Assistant,71608.0,ahaspineallr1@simplemachines.org,33
982,983.0,Boutellier,Dayna,Female,Ummah University,Software Engineer I,70141.0,dboutellierra@tumblr.com,22
987,988.0,Karolczyk,Jillie,Female,Providence College,Dental Hygienist,52966.0,jkarolczykrf@unblog.fr,26
990,991.0,Hampshire,Julian,Male,Johnson & Wales University,Chemical Engineer,79024.0,jhampshireri@disqus.com,26
999,999.0,Yang,Andrew,Male,Rutgers University School of Business,Curriculum Engineer,60000.0,ayang@codedrills.com,53
